,variable,VIF
0,const,18.408821434879734
1,YOY_inflation,4.93212016378279
2,Inflation_volatility,1.0332068823642657
3,Inflation_surprise,4.877911168282013
