,variable,VIF
0,const,17.90613501107765
1,YOY_inflation,4.778746917944586
2,Inflation_surprise,4.778746917944586
